Year,SITE,STATION,Total Of MaxOfINDIV_ID,ALFL,AMRE,AMRO,BAWW,BBWA,BCCH,BHVI,BLJA,BOCH,BRCR,CAWA,CCSP,CEDW,CHSP,CMWA,CONW,CORA,COYE,DEJU,EVGR,GCKI,GRAJ,HETH,LCSP,LEFL,LISP,MAWA,MOWA,NOWA,OCWA,OSFL,OVEN,PHVI,PISI,RBGR,RBNU,RCKI,REVI,RWBL,SOSP,SWSP,SWTH,TEWA,TRES,WAVI,WETA,WEWP,WIWA,WIWR,WTSP,WWCR,YEWA,YRWA
2015,001,CC,17,1,0,0,0,0,0,0,0,0,0,0,1,0,1,0,0,0,2,0,0,0,1,1,0,0,1,0,0,0,0,0,2,0,0,0,0,1,0,0,0,0,0,3,0,0,0,0,0,0,3,0,0,1
2015,001,OG,13,0,0,0,0,0,2,0,0,0,0,1,0,0,0,0,0,0,0,0,0,0,0,0,0,1,0,0,1,0,0,0,3,1,0,0,0,0,0,0,0,0,1,3,0,0,0,0,0,0,1,0,0,0
2015,001,UP,15,0,0,0,0,0,0,0,0,0,0,0,0,0,1,0,0,0,1,0,0,0,0,1,0,0,0,1,0,1,0,0,2,0,0,0,0,1,0,0,0,0,2,4,0,0,0,0,0,0,3,0,0,0
2015,002,CC,21,3,0,0,2,0,0,0,0,0,0,0,1,0,0,0,0,1,2,0,1,0,0,0,0,2,0,0,0,0,1,0,0,2,0,1,0,0,1,0,0,0,2,2,0,0,0,0,0,0,2,0,0,0
2015,002,OG,8,0,0,0,0,0,0,0,0,0,1,0,0,0,0,0,0,0,0,0,0,0,0,0,0,0,0,1,0,0,0,0,1,0,0,0,0,0,1,0,0,0,0,1,0,0,0,0,0,1,2,0,0,0
2015,002,UP,14,0,0,0,0,0,0,0,0,0,0,0,0,0,0,0,0,0,1,0,0,0,0,2,0,0,2,0,1,0,0,0,1,0,0,1,0,0,0,0,0,0,1,3,0,0,0,0,0,0,2,0,0,0
2015,003,CC,24,3,0,0,0,0,0,0,0,0,0,0,1,1,1,0,0,1,3,0,0,0,1,1,0,0,2,1,0,0,0,0,0,0,1,0,0,0,1,2,0,0,1,3,0,0,0,0,0,0,3,0,0,1
2015,003,OG,14,0,0,0,0,0,0,1,0,0,0,0,0,0,1,0,0,0,0,0,2,0,1,0,0,0,0,0,0,0,0,0,3,0,0,0,0,0,0,0,0,0,2,3,0,0,0,0,0,1,0,0,0,1
2015,003,UP,14,0,0,0,0,0,0,0,0,0,0,1,0,1,1,0,0,0,0,0,0,0,0,0,0,0,0,0,0,0,0,0,2,0,0,0,0,0,0,0,0,0,2,3,0,0,0,0,0,0,2,0,0,2
2015,004,CC,19,3,0,0,0,0,0,0,0,0,0,0,1,1,1,0,0,0,1,0,0,0,1,0,0,0,1,1,0,0,0,0,0,0,0,0,0,0,2,0,0,0,1,2,0,0,0,0,0,1,3,0,0,0
2015,004,OG,18,3,0,0,0,0,0,0,0,0,0,0,0,0,0,0,0,0,1,0,1,0,0,0,0,0,1,1,2,0,0,0,0,0,1,0,0,0,1,0,0,0,2,1,0,0,0,0,0,1,2,0,0,1
2015,004,UP,19,3,0,0,0,0,0,1,0,0,0,0,0,1,1,0,0,0,0,0,1,0,1,2,0,0,0,0,0,0,0,0,0,0,1,0,0,1,1,0,0,0,1,2,0,0,1,0,0,1,1,0,0,0
2015,005,CC,21,4,0,1,0,0,0,0,0,0,0,0,1,1,1,0,0,0,1,0,1,0,1,0,0,0,1,0,1,0,0,0,0,0,0,0,0,0,3,0,0,0,1,2,0,0,0,0,0,1,2,0,0,0
2015,005,OG,15,1,0,0,0,0,0,0,0,0,0,0,0,0,0,0,0,0,1,0,1,0,0,0,0,0,0,2,0,0,0,0,1,0,0,0,0,0,1,0,0,0,2,2,0,0,0,0,0,1,2,0,0,1
2015,005,UP,21,2,0,1,0,1,1,0,0,0,0,0,0,0,1,0,0,0,0,0,0,0,2,0,0,0,0,1,1,0,0,0,1,0,1,0,0,1,0,0,0,0,2,3,0,0,1,0,0,1,2,0,0,0
2015,006,CC,25,3,0,0,0,0,0,0,0,0,0,0,2,0,0,0,0,0,2,0,0,0,0,2,0,0,2,1,0,0,0,0,2,0,1,0,0,2,2,0,0,0,1,3,0,0,0,0,0,1,2,0,0,0
2015,006,OG,12,0,0,0,0,0,0,0,0,0,0,0,0,0,0,0,0,0,0,0,0,0,0,1,0,1,0,0,0,0,0,0,3,0,0,0,0,0,2,0,0,0,1,1,0,0,0,0,0,1,1,0,0,1
2015,006,UP,19,3,0,0,0,1,0,0,0,0,0,0,0,0,0,0,0,0,0,0,0,0,0,3,0,0,0,1,0,0,0,0,1,0,1,0,0,1,2,0,0,0,2,4,0,0,0,0,0,0,0,0,0,1
2015,007,CC,20,2,0,0,0,0,0,0,0,0,0,0,2,0,0,1,0,0,2,0,0,0,0,1,0,0,2,0,1,1,0,0,1,0,0,0,0,0,0,0,0,0,1,3,0,0,0,0,0,1,2,0,0,1
2015,007,OG,15,0,0,0,1,0,0,0,0,0,0,0,0,1,1,0,0,0,0,0,0,0,0,0,0,0,0,1,0,0,0,0,2,0,1,1,0,0,2,0,0,0,2,2,0,0,0,0,0,0,2,0,0,0
2015,007,UP,17,1,0,0,0,0,0,0,0,0,0,0,0,0,0,0,1,0,0,0,0,0,1,1,0,0,0,1,0,0,0,0,1,0,1,0,0,1,1,0,0,0,1,5,0,0,0,0,0,0,3,0,0,0
2015,008,CC,21,3,0,0,0,0,1,0,0,1,0,0,1,1,2,0,1,0,1,0,0,0,0,1,0,0,1,0,0,0,0,0,0,0,0,1,0,2,0,0,0,0,1,4,0,0,0,0,0,0,2,0,0,0
2015,008,OG,18,0,0,0,0,0,0,0,0,0,0,0,0,0,0,0,0,0,1,1,0,0,0,1,0,0,1,1,0,0,0,0,2,0,1,0,1,1,0,0,0,0,2,1,0,0,0,0,2,1,1,0,0,2
2015,008,UP,15,3,0,0,0,0,0,0,0,0,0,0,0,0,1,0,0,0,1,0,0,0,0,0,0,0,2,0,0,0,0,0,0,0,2,1,0,0,1,0,0,0,1,3,0,0,0,0,0,0,3,0,0,0
2015,009,CC,19,2,0,0,0,0,0,0,0,0,0,0,0,1,0,0,1,1,0,0,0,0,1,1,1,0,1,0,1,0,0,0,2,0,0,0,0,1,1,0,0,0,1,1,0,0,0,0,0,1,2,0,0,0
2015,009,OG,17,1,0,0,0,0,0,0,0,0,0,0,0,1,0,0,1,1,0,0,1,0,0,1,0,0,0,0,0,0,0,0,4,0,1,1,0,0,2,0,0,0,0,0,0,0,0,0,0,0,1,1,0,1
2015,009,UP,20,1,0,0,0,0,0,0,1,0,0,0,0,0,1,0,1,0,0,0,0,0,0,2,0,0,0,2,0,0,0,0,3,0,1,0,0,0,2,0,0,0,1,2,0,0,0,0,0,1,3,0,0,0
2015,010,CC,18,1,0,1,0,0,0,0,0,0,0,0,1,0,1,0,0,0,1,0,0,0,0,1,2,0,1,0,1,0,0,0,1,0,0,0,0,1,0,0,0,1,1,4,0,0,0,0,0,0,3,0,0,0
2015,010,OG,12,0,0,0,0,0,0,0,0,0,0,0,0,0,0,0,0,0,1,0,0,0,1,0,0,0,0,0,0,0,0,0,1,0,0,0,0,1,0,0,0,0,1,3,0,0,0,0,0,1,2,0,0,1
2015,010,UP,23,2,0,1,0,0,0,0,0,0,0,0,0,1,1,0,0,0,0,0,0,0,1,1,1,0,2,0,0,0,0,0,1,0,0,0,0,2,0,0,0,0,2,4,0,0,0,0,0,1,3,0,0,0
2015,011,CC,24,3,0,0,0,0,1,0,1,0,0,0,2,1,1,0,0,0,1,0,0,0,1,1,1,0,1,0,2,0,0,1,0,0,1,0,0,0,0,0,0,1,1,3,0,0,0,0,0,0,3,0,0,1
2015,011,OG,17,1,0,0,0,0,0,0,0,0,0,0,0,0,1,0,0,0,1,1,0,0,0,1,0,0,0,0,0,0,0,0,3,2,1,0,0,1,1,0,0,0,1,2,0,0,0,0,0,0,1,0,0,0
2015,011,UP,16,1,0,0,1,0,0,0,0,0,0,0,0,1,1,0,0,0,0,0,0,0,0,2,0,0,1,0,0,0,0,0,2,0,0,0,0,0,1,0,0,0,2,3,0,0,0,0,0,0,2,0,0,0
2015,012,CC,22,4,0,0,0,0,0,0,0,0,0,0,1,1,0,0,0,0,0,0,0,0,0,1,0,0,3,1,0,0,0,0,3,0,0,1,0,0,1,0,0,0,1,3,0,0,0,0,0,1,3,0,0,0
2015,012,OG,18,2,0,1,0,0,0,0,0,0,0,0,0,0,1,0,1,0,0,0,0,0,1,1,0,0,1,0,0,0,0,0,2,0,0,0,0,0,1,0,0,0,0,3,0,0,0,0,0,0,4,0,0,0
2015,012,UP,15,1,0,0,0,0,0,0,0,0,0,0,0,0,1,0,1,0,0,0,0,0,0,2,0,0,1,0,0,0,0,0,2,0,1,0,0,0,0,0,0,0,1,2,0,0,0,0,0,0,3,0,0,0
2015,013,CC,18,2,0,0,0,0,0,0,0,1,0,0,1,0,1,0,0,0,0,0,0,0,0,2,0,0,1,0,1,0,0,0,0,0,0,0,0,0,3,0,0,0,0,2,0,0,0,0,0,0,4,0,0,1
2015,013,OG,18,3,0,1,0,0,1,0,0,0,0,0,0,1,0,0,0,0,0,0,0,0,0,1,0,0,2,0,1,0,0,0,0,0,0,0,0,1,1,0,0,0,1,2,0,0,0,0,0,1,2,0,0,0
2015,013,UP,16,1,0,0,0,0,0,0,0,0,0,0,0,0,1,0,1,0,0,0,0,0,1,3,0,0,1,0,0,0,0,0,1,0,0,0,0,1,0,0,0,0,0,3,0,0,0,0,0,0,2,0,0,1
2015,014,CC,13,1,0,0,0,0,0,0,0,0,0,0,0,0,1,0,0,0,0,0,0,0,0,2,0,0,2,0,0,0,0,0,0,0,1,0,0,2,0,0,0,0,2,2,0,0,0,0,0,0,0,0,0,0
2015,014,OG,10,0,0,0,0,0,0,0,0,0,0,0,0,0,0,0,0,1,0,0,0,0,0,2,0,0,0,0,0,0,0,0,1,0,2,0,0,2,0,0,0,0,0,0,0,0,0,0,0,0,1,0,0,2
2015,014,UP,14,0,0,1,0,0,0,1,0,0,0,0,0,0,0,0,0,0,0,0,0,0,0,2,0,0,0,0,0,0,0,0,0,0,0,0,0,1,0,0,0,0,2,4,0,0,0,0,0,0,2,0,0,1
2015,015,CC,17,0,0,1,0,0,0,1,0,0,0,0,0,0,0,0,0,1,0,0,0,0,0,2,0,0,2,0,0,0,0,0,0,0,0,0,0,2,0,0,0,0,1,3,0,0,0,0,0,1,4,0,0,0
2015,015,OG,14,0,0,0,0,0,0,2,0,0,0,0,0,0,1,0,0,1,0,0,0,0,0,1,0,0,1,0,0,0,0,0,1,0,0,1,0,0,0,0,0,0,1,2,0,0,0,0,0,0,2,0,0,1
2015,015,UP,19,0,0,0,0,0,0,1,0,0,0,0,0,0,1,0,0,1,2,0,0,0,0,0,0,0,1,1,0,0,0,0,0,0,1,0,0,1,0,0,0,0,1,3,2,0,0,0,0,1,3,0,0,0
2015,016,CC,22,2,0,1,0,0,0,0,1,0,0,0,0,1,1,0,0,1,1,0,0,0,1,0,0,1,1,0,1,0,0,0,1,1,0,1,0,0,3,0,0,0,0,1,0,0,0,0,0,0,3,0,0,0
2015,016,OG,11,1,0,0,0,0,0,0,0,0,0,0,0,0,0,0,1,0,0,0,0,0,0,1,0,0,0,0,0,0,0,0,2,0,0,0,0,0,0,0,0,0,1,2,0,0,0,0,0,0,3,0,0,0
2015,016,UP,21,4,0,1,1,0,0,0,0,0,0,0,0,0,1,0,1,0,0,0,0,0,0,2,0,0,0,2,1,0,0,0,2,0,0,1,0,0,0,0,0,0,0,2,0,0,0,0,0,0,3,0,0,0
2015,017,CC,10,0,0,0,1,0,0,0,0,0,0,0,0,0,0,0,0,1,0,0,0,0,0,1,0,0,0,0,0,0,0,0,1,2,0,1,0,1,2,0,0,0,0,0,0,0,0,0,0,0,1,0,0,0
2015,017,OG,12,0,0,0,0,0,0,0,0,0,1,0,0,1,1,0,0,0,0,0,0,0,0,1,0,0,0,0,0,0,0,0,1,0,0,1,1,0,2,0,0,0,0,1,0,0,0,0,0,1,2,0,0,0
2015,017,UP,12,0,0,0,0,0,0,0,0,0,0,0,0,0,1,0,2,0,0,0,0,0,1,1,0,0,0,1,0,0,0,0,1,0,0,0,0,0,1,0,0,0,1,2,0,0,0,0,0,0,1,0,0,0
2015,018,CC,24,2,0,0,1,0,0,0,0,0,0,0,0,1,0,0,1,0,1,0,0,0,1,1,0,0,2,0,1,0,0,0,1,0,0,1,0,0,2,0,0,0,1,3,0,1,0,0,0,1,2,0,1,0
2015,018,OG,13,0,0,0,0,0,0,0,0,0,0,0,0,0,0,0,0,0,0,0,0,0,1,2,0,0,0,0,0,0,0,0,2,0,0,0,0,0,1,0,0,0,2,1,0,0,0,0,0,1,1,1,0,1
2015,018,UP,14,2,0,0,0,0,0,0,0,0,0,0,0,0,1,0,0,0,0,0,0,0,0,0,0,0,0,0,1,0,0,0,2,0,0,0,0,0,1,0,0,0,0,2,0,0,0,0,0,1,2,1,0,1
2015,023,CC,13,0,0,0,0,0,0,0,0,0,0,0,0,0,1,0,0,0,0,0,0,0,0,1,0,0,1,0,3,0,0,0,1,0,0,0,0,0,0,0,0,0,1,1,0,0,0,0,0,1,3,0,0,1
2015,023,OG,2,0,0,0,0,0,0,0,0,0,0,0,0,0,0,0,0,0,0,0,0,0,0,0,0,0,1,0,0,0,0,0,0,0,0,0,0,0,0,0,0,0,0,0,0,0,0,0,0,0,1,0,0,0
2015,023,UP,18,0,0,1,0,0,0,0,0,0,0,0,0,0,1,0,0,0,0,0,0,0,0,0,0,0,0,0,2,0,0,0,1,1,1,1,0,0,0,0,0,0,3,1,0,0,0,0,0,1,3,0,0,2
2015,028,CC,18,4,0,1,0,0,0,0,0,0,0,0,1,0,0,0,0,0,1,0,0,0,1,0,0,0,1,0,2,0,0,0,2,0,0,0,0,0,0,0,0,0,1,1,0,0,0,0,0,1,3,0,0,0
2015,028,OG,11,0,0,0,0,0,0,0,0,1,0,0,0,1,0,0,0,0,0,0,0,0,0,0,0,0,0,0,0,0,0,0,1,0,1,0,0,0,1,0,0,0,0,0,0,0,0,0,0,2,2,1,0,1
2015,028,UP,11,1,0,0,0,0,0,0,0,0,0,0,0,0,0,0,0,0,1,0,0,0,1,0,0,0,1,0,1,0,0,0,0,0,0,0,0,0,1,0,0,0,1,0,0,0,0,0,0,2,2,0,0,0
2015,029,CC,18,2,0,0,0,0,0,0,0,0,0,0,1,0,0,0,1,0,2,0,0,0,0,1,0,0,2,0,2,0,0,0,1,0,0,0,0,0,0,0,0,0,1,0,0,0,0,0,0,1,3,1,0,1
2015,029,OG,15,0,0,0,0,1,0,0,0,0,2,0,0,0,0,0,1,0,0,0,0,1,0,0,0,0,0,0,1,0,0,0,3,0,0,0,0,0,1,0,0,0,1,0,0,0,1,0,0,1,1,0,0,1
2015,029,UP,10,0,0,0,0,0,1,0,0,0,0,0,0,0,0,0,1,0,0,0,0,0,1,0,0,0,0,0,0,0,0,0,1,0,0,0,0,0,0,0,0,0,2,0,0,0,0,0,0,2,3,0,0,0
2015,040,CC,12,1,0,0,0,0,0,0,0,0,0,0,0,0,0,0,0,0,1,0,0,0,0,1,0,0,1,1,0,0,0,0,0,0,0,0,0,0,1,0,0,0,1,1,0,0,0,0,0,0,4,0,0,0
2015,040,OG,10,0,0,0,1,0,0,0,0,0,0,0,0,0,0,0,1,0,0,1,0,0,0,0,0,0,0,0,1,0,0,0,1,0,0,0,0,1,0,0,0,0,1,1,0,0,0,0,0,0,3,0,0,0
2015,040,UP,8,1,0,0,0,0,0,0,0,0,0,0,0,1,0,0,0,0,0,0,0,0,0,1,0,0,0,1,0,0,0,0,1,0,0,0,0,0,0,0,0,0,1,0,0,0,0,0,0,0,1,0,0,1
2015,043,CC,13,1,0,0,0,0,0,0,0,0,0,0,1,1,1,0,0,0,0,0,0,0,1,0,0,0,1,2,0,0,0,0,1,0,0,0,0,0,0,0,0,0,2,0,0,0,0,0,0,1,4,0,0,0
2015,043,OG,13,1,0,0,0,0,0,0,0,3,0,0,0,0,1,0,0,0,0,0,0,0,1,1,0,0,1,0,0,0,0,0,0,0,0,0,0,1,0,0,0,0,1,0,0,0,0,0,0,0,3,1,0,1
2015,043,UP,9,0,0,0,0,0,0,0,0,0,0,0,0,1,1,0,0,0,0,0,0,0,1,1,0,0,1,0,0,0,0,0,1,0,0,0,0,0,0,0,0,0,0,0,0,0,0,0,0,0,3,0,0,0
2015,044,CC,15,2,0,1,0,0,0,0,0,0,0,0,2,0,0,0,0,0,0,0,0,0,1,1,0,0,1,0,0,0,0,0,1,0,0,0,0,0,0,0,0,0,1,2,0,0,0,0,0,0,2,0,0,1
2015,044,OG,8,1,0,1,0,0,0,0,0,0,0,0,0,0,0,0,0,0,0,0,0,0,0,0,0,0,0,0,0,0,0,0,1,0,0,0,0,1,0,0,0,0,0,3,0,0,0,0,0,0,1,0,0,1
2015,044,UP,19,2,0,1,0,0,0,0,0,0,0,0,0,0,1,0,0,0,1,0,0,0,1,1,0,0,2,0,0,0,0,0,0,0,1,0,0,1,0,0,0,1,2,2,0,0,0,0,0,1,2,0,0,0
2015,045,CC,16,1,0,0,0,0,0,0,0,0,0,0,0,0,2,0,0,0,1,0,0,0,0,0,0,0,1,0,1,0,0,0,0,0,1,1,0,0,2,0,0,0,1,3,0,0,0,0,0,1,2,0,0,0
2015,045,OG,18,0,0,1,1,0,0,0,0,0,0,0,0,0,1,0,1,0,0,0,0,0,0,0,0,0,1,1,0,0,0,0,2,0,0,0,0,0,1,0,0,0,1,2,0,0,0,0,0,1,3,0,1,2
2015,045,UP,20,2,0,0,0,0,0,0,0,0,0,0,0,0,2,0,0,0,1,0,0,0,0,0,0,0,1,1,1,0,0,0,0,0,0,1,0,0,1,0,0,0,2,4,0,0,0,0,0,1,2,0,0,1
2015,047,CC,20,1,0,1,0,0,0,0,0,0,0,0,1,1,1,0,1,0,0,0,0,0,2,1,0,0,0,0,1,0,0,0,0,0,0,0,0,1,1,0,0,0,1,3,0,0,2,0,0,0,1,1,0,1
2015,047,OG,12,0,0,1,0,1,0,0,0,1,0,0,0,0,1,0,0,0,0,0,0,1,0,0,0,0,0,0,0,0,0,0,0,0,0,0,0,1,0,0,0,0,2,0,0,0,1,0,0,0,0,0,0,3
2015,047,UP,12,2,0,1,0,0,0,0,0,0,0,0,1,0,0,0,0,0,0,0,0,0,0,0,0,0,1,0,0,0,0,0,0,0,0,0,0,0,0,0,0,0,3,2,0,0,1,0,0,0,1,0,0,0
2015,048,CC,20,1,0,1,0,0,1,0,0,0,0,0,1,1,1,0,1,0,0,0,0,0,0,0,0,0,0,0,0,0,0,0,0,0,0,0,1,0,2,0,0,0,1,2,2,1,0,0,0,1,1,1,0,1
2015,048,OG,12,0,0,0,0,1,0,0,0,0,0,0,0,0,0,2,0,0,0,0,0,1,0,1,0,0,0,0,0,0,0,0,3,0,0,0,0,0,0,0,0,0,2,0,0,0,0,0,0,1,1,0,0,1
2015,048,UP,17,2,0,0,0,0,0,0,0,0,0,0,0,0,0,0,1,0,1,0,0,0,0,1,0,0,0,0,1,0,0,0,0,0,1,0,0,0,2,0,0,0,3,3,1,0,0,0,0,1,3,0,0,0
2015,049,CC,20,3,0,0,0,0,0,0,0,0,0,0,1,0,0,0,1,0,1,0,0,0,1,0,0,0,1,0,1,0,0,0,0,0,0,1,0,0,1,0,0,0,2,2,1,0,0,0,0,1,3,0,0,0
2015,049,OG,14,0,0,0,0,1,0,0,0,0,0,0,0,0,1,0,0,0,0,0,0,0,1,0,0,0,0,0,1,0,0,0,1,0,0,0,0,0,0,0,0,0,3,1,0,0,0,0,0,2,3,0,0,1
2015,049,UP,16,1,0,0,0,0,0,0,0,0,0,0,0,0,1,0,1,0,0,0,1,0,0,0,0,0,1,0,0,0,0,0,2,0,0,0,0,0,1,0,0,0,2,2,0,0,0,0,0,1,3,0,0,0
2015,050,CC,19,3,0,1,1,0,0,0,0,0,0,0,0,1,1,0,0,0,1,1,0,0,1,0,0,0,1,0,1,0,0,0,0,0,0,0,0,0,2,0,0,0,1,1,0,0,0,0,0,1,2,0,0,0
2015,050,OG,12,0,0,1,0,0,0,0,0,0,0,0,0,0,0,0,0,0,0,0,0,0,0,0,0,0,0,0,1,0,0,0,0,0,1,0,0,0,2,0,0,0,2,3,0,0,0,0,0,1,1,0,0,0
2015,050,UP,13,1,0,0,0,0,0,0,0,0,0,0,0,0,1,0,0,0,1,0,0,0,0,0,0,0,1,0,0,0,0,0,0,0,0,0,0,0,1,0,0,0,2,2,0,0,0,0,0,1,2,0,0,2
2015,051,CC,34,1,2,1,0,0,0,1,0,0,0,0,2,0,1,0,0,0,2,0,0,0,1,0,1,1,2,0,1,1,0,0,1,0,1,2,0,0,1,0,1,1,2,2,0,1,1,0,0,1,4,0,0,0
2015,051,OG,19,0,0,1,0,0,0,1,0,0,0,0,0,0,0,0,0,0,0,0,0,0,1,0,0,0,1,0,0,1,0,0,2,1,0,1,0,0,1,0,0,1,3,1,0,0,0,0,0,1,2,0,0,1
2015,051,UP,21,0,0,0,0,0,1,0,0,0,0,0,0,0,1,0,0,0,1,0,0,0,1,0,0,0,1,0,0,0,0,0,1,1,0,1,0,0,2,0,0,0,3,3,0,0,0,0,0,0,4,0,0,1
2015,052,CC,31,1,1,1,2,1,0,0,0,0,0,0,2,1,0,0,0,0,1,0,0,0,0,0,0,1,1,0,2,0,0,0,4,0,0,0,0,0,1,0,0,0,2,3,0,3,1,0,0,1,3,0,0,1
2015,052,OG,13,0,1,0,0,0,1,0,1,0,0,0,0,1,0,0,0,0,0,0,0,0,0,0,0,0,0,0,0,0,0,0,4,0,0,1,0,0,2,0,0,0,1,0,0,0,0,0,0,1,1,0,0,0
2015,052,UP,28,2,1,0,1,0,1,0,1,0,0,0,0,1,1,0,0,0,1,0,0,0,0,1,0,0,2,1,0,0,0,0,2,0,0,0,0,0,2,0,0,0,3,4,0,1,0,0,0,1,3,0,0,1
2015,053,CC,26,1,0,0,1,0,0,0,0,0,0,0,1,2,0,0,0,0,1,0,0,0,0,0,1,0,1,1,2,0,0,0,1,0,1,1,0,0,2,0,1,0,2,2,0,0,0,0,0,2,4,0,0,0
2015,053,OG,18,0,0,0,1,0,0,0,0,0,0,0,0,0,1,0,0,0,0,0,0,0,1,1,0,0,0,0,1,0,0,0,2,1,1,1,0,0,2,0,0,0,2,1,0,0,0,0,0,1,3,0,0,0
2015,053,UP,25,3,0,0,1,0,0,0,0,0,0,0,1,0,1,0,0,0,2,0,0,0,1,0,0,0,1,2,0,0,0,0,1,1,0,1,0,0,1,0,0,0,2,4,0,0,0,0,0,1,3,0,1,0
2015,054,CC,19,2,0,0,0,0,0,0,0,0,0,0,0,0,1,1,0,0,0,0,0,0,0,1,0,0,3,0,0,0,0,0,0,1,0,1,0,0,2,0,0,0,0,3,0,0,1,0,0,1,2,0,0,0
2015,054,OG,14,0,0,0,0,0,0,0,0,0,0,0,0,1,1,1,0,0,0,0,0,1,0,2,0,0,0,0,0,0,0,0,0,0,1,0,0,1,0,0,0,0,1,2,0,0,0,0,0,0,1,0,0,2
2015,054,UP,16,0,0,0,0,0,0,0,0,0,0,0,0,0,2,0,1,0,0,0,0,0,0,2,0,0,1,0,0,0,0,0,0,0,2,1,0,2,0,0,0,0,1,3,0,0,0,0,0,1,1,0,0,1
2015,055,CC,17,2,0,1,0,0,0,0,0,0,0,0,0,0,1,0,0,1,1,1,0,0,1,0,0,0,3,0,0,0,0,0,0,0,1,0,0,0,0,0,0,0,2,0,0,0,0,0,0,1,2,1,0,0
2015,055,OG,14,0,0,0,0,0,0,0,0,0,1,0,0,0,0,0,0,0,0,0,0,2,0,0,0,0,1,0,0,0,0,0,1,0,1,0,0,0,0,0,0,0,1,0,0,0,2,0,0,2,1,1,0,1
2015,055,UP,15,2,0,1,0,0,1,0,0,0,0,0,0,0,0,0,0,1,1,0,0,0,1,0,0,0,1,0,0,0,0,0,0,0,1,0,0,0,0,0,0,0,1,1,0,0,0,0,0,1,4,0,0,0
2015,056,CC,12,1,0,0,0,0,0,0,0,0,0,0,0,1,1,0,0,0,1,0,0,0,0,0,0,0,3,0,0,0,0,0,0,0,0,0,0,0,1,0,0,0,1,0,0,0,0,0,0,1,4,0,0,0
2015,056,OG,14,0,0,0,0,0,0,0,0,0,1,0,0,0,1,0,0,0,0,0,0,0,0,0,0,0,1,0,0,0,0,0,0,0,0,0,1,0,0,0,0,0,2,0,0,0,0,0,1,2,4,0,0,1
2015,056,UP,14,1,0,0,0,0,0,0,0,0,0,0,0,1,1,0,0,0,0,0,0,0,1,0,0,0,1,1,0,0,0,0,0,0,1,0,0,0,1,0,0,0,1,0,0,0,0,0,0,1,3,0,0,1
2015,057,CC,23,3,0,1,0,0,0,0,0,0,0,0,2,0,2,0,0,0,1,0,0,0,0,0,0,1,2,0,1,1,0,0,0,0,1,0,0,0,1,0,1,1,0,0,0,0,0,0,0,2,4,0,1,0
2015,057,OG,18,1,0,1,0,0,0,0,0,0,1,0,0,0,0,0,0,1,1,1,0,0,0,1,0,0,2,0,0,0,0,0,1,0,1,0,0,0,1,0,1,0,0,0,0,0,1,0,0,1,3,1,0,0
2015,057,UP,16,0,0,1,0,0,0,0,0,0,0,0,0,1,0,0,0,0,1,0,0,0,0,1,0,0,2,0,2,0,0,0,0,0,1,0,0,0,1,0,0,0,0,1,0,0,0,0,0,3,4,0,0,0
2015,058,CC,11,1,0,0,1,0,0,0,0,0,0,0,0,0,1,0,0,0,0,1,0,0,1,0,0,0,1,0,1,0,0,0,0,0,0,0,0,0,1,0,0,0,1,0,0,0,0,0,0,0,2,0,0,0
2015,058,OG,16,0,0,0,0,0,0,0,0,0,1,0,0,1,1,0,0,0,0,0,0,0,0,0,0,0,0,0,0,0,1,0,2,0,2,0,0,0,1,0,0,0,1,1,0,1,0,0,0,0,2,1,0,1
2015,058,UP,12,0,0,0,0,0,0,0,0,0,0,0,0,0,1,0,0,0,0,0,0,0,1,1,0,0,0,0,0,0,0,0,0,0,0,0,0,0,0,0,0,0,2,2,0,0,0,0,0,2,2,1,0,1
2015,059,CC,20,1,0,0,0,0,0,0,0,0,0,0,0,0,1,0,0,0,2,0,1,0,0,2,0,0,2,1,0,0,0,0,1,0,1,0,0,0,2,0,0,0,2,1,0,0,0,0,0,0,2,1,0,1
2015,059,OG,18,0,0,0,0,0,1,0,0,1,0,0,0,0,0,0,1,0,0,1,0,0,1,2,0,0,0,1,0,0,0,0,0,0,1,0,0,0,1,0,0,0,2,1,0,0,0,0,0,0,2,1,0,2
2015,059,UP,23,2,0,0,0,0,0,0,0,0,0,0,0,0,1,0,1,0,0,0,1,0,1,2,0,0,1,1,0,0,1,0,0,0,1,0,1,1,1,0,0,0,2,1,0,0,0,0,0,0,2,1,0,2
2015,067,CC,15,1,0,1,0,0,0,0,0,0,0,0,1,0,0,0,0,0,0,0,0,0,0,0,0,0,0,0,0,0,0,1,0,0,1,0,0,1,1,0,0,0,2,3,0,0,0,0,0,2,2,0,0,0
2015,067,OG,14,1,0,0,0,0,0,1,1,0,0,0,0,0,0,0,0,0,0,0,0,1,1,0,0,0,0,0,0,0,0,0,0,0,1,0,0,0,1,0,0,0,0,2,0,0,1,0,0,1,2,0,0,1
2015,067,UP,18,2,0,0,0,0,0,0,1,0,1,0,0,0,1,0,0,0,0,0,0,0,1,0,0,0,2,0,0,0,0,0,0,0,1,1,0,0,1,0,0,0,1,3,0,0,0,0,0,1,2,1,0,0
2015,068,CC,25,3,0,2,0,0,0,0,0,0,1,0,0,1,1,0,1,0,1,0,1,0,0,0,0,0,1,0,0,0,0,1,0,0,1,0,0,1,0,0,0,0,2,4,0,0,1,0,0,1,2,0,0,0
2015,068,OG,13,0,0,0,0,1,0,2,0,0,1,0,0,0,0,0,0,0,0,0,0,0,0,0,0,0,0,0,0,0,0,0,1,0,0,0,1,1,0,0,0,0,2,2,0,0,0,0,0,0,2,0,0,1
2015,068,UP,20,2,0,1,0,0,0,0,0,0,0,0,0,1,0,0,0,0,0,1,0,0,0,0,0,0,1,0,0,0,0,1,0,0,1,0,1,1,0,0,0,0,2,2,0,0,1,0,0,1,3,1,0,0
2015,069,CC,12,2,0,1,0,0,0,0,0,0,0,0,0,0,0,0,0,0,0,0,0,0,1,0,0,0,2,0,0,0,0,0,0,0,0,0,0,0,0,0,1,0,1,0,0,0,0,0,0,1,3,0,0,0
2015,069,OG,11,0,0,1,0,0,0,0,0,0,1,0,0,0,0,0,1,0,0,0,0,1,2,1,0,0,0,0,0,0,0,0,0,0,0,0,0,0,0,0,0,0,1,0,0,0,0,0,0,2,1,0,0,0
2015,069,UP,19,4,0,1,0,0,0,0,0,0,0,0,0,0,1,0,0,0,0,0,0,0,1,0,0,0,2,0,0,0,0,0,0,0,1,0,0,0,1,0,0,0,1,2,0,0,0,1,0,1,3,0,0,0
2015,070,CC,20,3,0,0,0,0,0,0,0,0,0,0,0,0,0,0,0,0,1,0,0,0,1,1,1,0,2,0,0,0,0,0,0,1,0,1,0,0,0,0,0,0,1,3,0,0,0,0,0,2,3,0,0,0
2015,070,OG,13,0,0,0,0,0,0,0,0,0,0,0,0,1,0,0,0,0,0,0,0,0,0,2,0,0,0,0,0,0,0,0,3,0,0,1,0,0,0,0,0,0,1,1,0,1,0,0,0,0,1,0,0,2
2015,070,UP,15,2,0,0,0,0,0,0,0,0,0,0,1,0,1,0,0,0,0,0,0,0,0,0,0,0,2,0,0,0,0,0,0,0,0,1,0,0,0,0,0,0,1,3,0,1,0,0,1,1,1,0,0,0
2015,071,CC,16,3,0,0,0,0,0,0,0,0,0,0,0,0,0,0,0,0,3,0,0,0,1,0,1,0,0,0,0,0,0,0,1,1,0,1,0,0,0,0,0,0,1,1,0,1,0,0,0,1,1,0,0,0
2015,071,OG,14,0,0,1,0,0,0,0,0,0,1,0,0,0,0,0,0,0,0,0,0,0,0,1,0,0,0,0,0,0,0,0,1,1,0,0,1,0,0,0,0,0,2,1,0,1,0,0,0,1,1,0,0,2
2015,071,UP,20,2,0,0,0,0,0,0,0,0,1,0,0,1,1,0,0,0,1,0,0,0,2,0,0,0,0,0,0,0,0,0,1,1,1,1,0,0,1,0,0,0,2,2,0,0,0,0,0,1,3,0,0,0
2015,072,CC,20,2,0,0,0,0,0,0,0,0,0,0,0,0,0,0,1,0,0,0,0,0,1,1,0,0,0,1,1,0,0,0,1,0,1,1,0,1,0,0,0,0,2,2,0,0,0,0,0,2,1,1,0,1
2015,072,OG,10,0,0,0,0,0,0,0,0,1,0,0,0,0,0,0,0,0,0,0,0,0,0,1,0,0,0,0,0,0,0,0,0,0,1,0,1,0,0,0,0,0,1,1,0,0,0,0,0,1,2,1,0,1
2015,072,UP,17,3,0,0,0,0,0,0,0,0,0,0,0,0,0,0,1,0,1,0,0,0,1,0,0,0,1,0,0,0,0,0,0,0,0,0,0,0,0,0,0,0,2,3,0,0,0,0,0,1,3,1,0,0
2015,073,CC,23,1,0,1,0,0,0,0,0,0,0,0,1,0,1,0,0,1,2,1,0,0,0,0,2,0,2,0,1,1,0,0,0,0,1,0,0,0,2,0,1,1,1,0,0,0,0,0,0,1,2,0,0,0
2015,073,OG,20,1,0,1,0,0,1,0,0,0,0,0,0,2,1,0,0,0,1,0,0,0,1,0,0,0,2,0,1,0,0,0,0,0,1,0,1,0,1,0,0,0,1,1,0,0,0,0,0,2,2,0,0,1
2015,073,UP,16,1,0,1,0,0,0,0,0,0,0,0,1,0,0,0,0,1,2,0,0,0,1,0,0,0,3,0,1,0,0,0,0,0,0,0,0,0,2,0,0,0,0,0,0,1,0,0,0,1,1,0,0,0
2015,103,CC,15,1,0,0,0,0,0,0,0,0,0,0,0,0,1,0,1,0,1,0,0,0,0,1,1,0,2,0,0,0,0,0,1,1,0,0,0,0,1,0,0,0,1,1,0,0,0,0,0,0,1,1,0,0
2015,103,OG,11,0,0,0,0,0,0,0,0,0,1,0,0,0,1,0,0,0,0,0,0,1,1,0,0,0,0,0,0,0,0,0,1,0,0,0,0,0,2,0,0,0,1,0,0,0,1,0,0,1,0,1,0,1
2015,103,UP,15,0,0,0,0,1,0,0,0,0,0,0,0,0,0,0,1,0,0,0,0,0,0,1,0,0,1,1,0,0,0,0,0,0,0,1,0,0,2,0,0,0,1,2,0,0,0,0,0,0,3,1,0,1
2015,106,CC,14,1,0,0,0,0,0,0,0,0,0,0,0,1,1,0,0,0,1,0,0,0,0,0,0,0,2,0,1,0,0,0,0,0,0,0,0,0,2,0,0,0,1,0,0,0,0,0,0,1,3,0,0,0
2015,106,OG,18,0,0,0,0,0,0,0,0,0,0,0,0,1,1,0,0,1,0,0,0,0,0,0,0,2,1,1,0,0,0,0,0,0,1,0,0,0,1,1,0,1,1,0,0,0,1,1,0,1,3,0,0,1
2015,106,UP,17,0,0,0,1,0,0,0,0,0,0,0,0,0,1,0,0,0,0,0,0,0,0,0,0,2,0,0,0,0,0,0,0,0,0,0,0,0,2,0,0,0,1,2,0,1,0,1,0,1,2,0,2,1
2016,001,CC,20,2,0,0,0,0,0,0,0,0,0,0,1,0,0,0,0,0,1,1,0,0,1,1,0,0,2,1,2,0,0,0,0,2,0,0,0,0,3,0,0,0,1,1,0,0,0,0,0,1,3,0,0,0
2016,001,OG,12,1,0,1,0,0,0,0,0,0,0,0,0,1,0,0,0,0,0,0,0,0,0,0,0,0,0,0,1,0,0,0,3,0,0,0,0,0,1,0,0,0,1,0,0,0,0,0,0,1,2,0,0,0
2016,001,UP,12,0,0,1,0,0,0,0,0,0,0,0,0,0,0,0,0,0,2,0,0,0,0,0,0,0,0,0,1,0,0,0,2,0,0,0,0,0,1,0,0,0,3,1,0,0,0,0,0,1,2,0,0,0
2016,008,CC,19,2,0,0,0,0,0,0,0,0,0,0,1,1,2,0,0,0,1,0,0,0,0,2,0,0,2,1,0,0,0,0,0,0,1,1,0,0,2,0,0,0,0,0,0,0,0,0,0,0,2,0,1,1
2016,008,OG,9,0,0,1,0,0,0,0,0,0,0,0,0,0,0,0,0,0,0,0,0,1,0,1,0,0,0,0,0,0,0,0,1,0,1,0,0,0,0,0,0,0,1,0,0,0,0,0,0,1,1,0,0,1
2016,008,UP,14,1,0,0,0,0,0,0,0,0,0,0,0,0,0,0,0,0,2,0,0,0,0,2,0,0,1,1,0,0,0,0,1,0,0,0,0,0,1,0,0,0,1,0,0,0,0,0,0,0,4,0,0,0
2016,010,CC,17,3,0,0,1,0,0,0,0,0,0,0,1,0,0,0,0,0,1,0,0,0,0,1,2,0,1,0,0,0,0,1,0,0,0,0,0,0,1,0,0,0,1,2,0,0,0,0,0,1,3,0,0,0
2016,010,OG,12,0,0,1,0,0,0,0,0,0,0,0,0,0,0,0,0,0,1,0,0,0,0,1,0,0,0,1,0,0,0,0,1,0,0,0,1,0,1,0,0,1,1,0,0,0,0,0,1,0,1,0,0,1
2016,010,UP,18,2,0,0,0,0,0,0,0,0,0,0,1,0,0,0,0,0,1,0,0,0,0,2,1,0,1,0,0,0,0,0,1,0,1,0,0,0,2,0,0,0,1,2,0,0,0,0,0,1,3,0,0,0
2016,012,CC,13,1,0,0,0,0,0,0,0,0,0,0,0,0,1,0,0,0,1,0,0,0,0,2,0,0,1,0,0,0,0,0,2,1,0,0,0,0,1,0,0,0,0,1,0,0,0,0,0,0,3,0,0,1
2016,012,OG,13,1,0,0,0,0,0,0,0,0,0,0,0,0,0,0,0,0,1,0,0,0,0,1,0,0,0,0,0,0,0,0,1,0,1,0,0,0,2,0,0,0,0,1,0,0,0,0,0,0,5,0,0,1
2016,012,UP,14,0,0,0,1,0,1,0,0,0,0,0,0,0,1,0,0,0,1,0,0,0,0,2,0,0,1,0,0,0,0,0,2,0,0,0,0,0,2,0,0,0,0,1,0,0,0,0,0,0,3,0,0,0
2016,016,CC,8,0,0,0,1,0,1,0,0,0,0,0,0,0,0,0,0,1,1,0,0,0,0,1,0,0,0,0,0,0,0,0,0,0,0,1,0,0,2,0,0,0,0,0,0,0,0,0,0,0,2,0,0,0
2016,016,OG,6,0,0,0,0,0,0,0,0,0,0,0,0,0,0,0,2,0,0,0,0,0,0,1,0,0,1,0,0,0,0,0,1,0,0,0,0,0,1,0,0,0,0,0,0,0,0,0,0,0,1,0,0,0
2016,016,UP,13,1,0,0,0,0,0,0,0,0,0,0,0,0,1,0,0,0,0,0,0,0,0,1,0,0,0,0,0,0,0,0,0,2,0,0,0,0,2,0,0,0,1,0,0,1,0,0,0,0,4,0,0,1
2016,017,CC,6,0,0,0,0,0,0,0,0,0,0,0,0,0,0,0,0,0,0,0,0,0,0,1,0,0,0,0,0,0,0,0,1,0,0,0,0,0,3,0,0,0,0,0,0,1,0,0,0,0,1,0,0,0
2016,017,OG,8,0,0,0,0,0,0,0,0,0,0,0,0,0,0,0,0,0,0,0,0,0,0,1,0,0,0,0,0,0,0,0,3,0,0,0,0,0,1,0,0,0,1,0,0,0,0,0,0,1,1,0,0,1
2016,017,UP,7,0,0,0,0,0,0,0,0,0,0,0,0,0,0,0,1,0,0,0,0,0,0,1,0,0,0,0,0,0,0,0,2,0,1,0,0,0,2,0,0,0,0,0,0,0,0,0,0,0,0,0,0,0
2016,026,CC,17,0,0,2,0,0,0,0,0,0,0,0,1,0,1,0,0,0,0,0,0,0,0,1,1,0,2,0,1,0,0,0,1,0,1,0,0,0,2,0,0,0,0,0,0,0,1,0,0,0,3,0,0,0
2016,026,OG,7,0,0,0,0,0,0,0,0,0,1,0,0,0,0,0,1,0,0,0,0,0,0,0,0,0,0,0,0,0,0,0,2,1,0,0,0,0,0,0,0,0,1,0,0,0,0,0,0,0,1,0,0,1
2016,026,UP,14,1,0,0,1,0,0,0,0,0,0,0,0,0,1,0,1,0,0,0,0,0,0,2,0,0,1,0,1,0,0,0,1,0,0,1,0,0,1,0,0,0,0,0,0,0,0,0,0,1,3,0,0,0
2016,027,CC,15,2,0,1,0,0,0,0,0,0,0,0,1,0,0,0,0,0,1,0,0,0,0,0,1,0,3,0,2,0,0,0,0,0,0,0,0,0,0,0,0,0,0,0,0,0,1,0,0,1,5,0,0,0
2016,027,OG,15,0,0,0,0,0,0,1,0,0,2,0,0,0,1,0,0,0,0,0,0,0,0,1,0,0,1,0,0,0,0,0,1,0,0,0,1,0,1,0,0,0,1,0,0,0,1,0,0,1,2,0,0,1
2016,027,UP,12,1,0,0,1,0,0,1,0,0,0,0,0,0,0,0,0,0,0,0,0,0,0,0,0,0,1,0,1,0,0,0,0,0,0,1,0,0,1,0,0,0,2,1,0,0,0,0,0,1,3,0,0,0
2016,028,CC,14,2,1,0,0,0,0,0,0,0,0,0,1,0,0,0,0,0,1,0,0,0,1,0,0,0,1,0,1,0,0,0,1,0,0,0,0,0,1,0,0,0,0,1,0,0,1,0,0,1,1,0,0,0
2016,028,OG,16,0,0,0,0,0,0,0,0,0,1,0,1,0,1,0,0,0,0,0,0,0,1,0,1,0,1,0,1,0,0,0,0,0,0,0,0,0,0,0,0,0,1,0,0,0,1,0,0,2,3,1,0,1
2016,028,UP,17,0,0,0,0,0,1,0,0,0,1,0,0,0,1,0,2,0,0,0,0,0,1,0,0,0,1,0,1,0,0,0,1,0,0,0,0,0,1,0,0,0,1,1,0,0,1,0,0,1,4,0,0,0
2016,029,CC,14,2,0,1,0,0,0,0,0,0,0,0,1,0,1,0,0,0,0,0,0,0,1,1,0,0,1,0,0,0,0,0,0,0,0,0,1,0,1,0,0,0,1,3,0,0,0,0,0,0,1,0,0,0
2016,029,OG,16,0,0,1,0,0,0,0,0,0,2,0,0,0,0,0,2,0,0,0,0,0,1,0,0,0,0,0,0,0,0,0,3,0,0,0,0,0,1,0,0,0,1,0,0,0,1,0,0,0,3,0,0,1
2016,029,UP,13,1,0,0,0,0,1,0,0,0,0,0,0,0,0,0,1,0,0,0,0,0,0,1,0,0,1,0,2,0,0,0,0,0,0,1,1,0,1,0,0,0,1,1,0,0,0,0,0,1,1,0,0,0
2016,030,CC,20,2,0,1,0,0,0,0,0,0,0,0,2,0,1,0,0,0,1,0,0,0,0,1,1,0,3,0,1,0,0,0,1,0,0,1,0,0,2,0,0,0,0,1,0,0,0,0,0,0,4,0,0,0
2016,030,OG,12,1,0,0,0,0,0,1,0,0,0,0,0,0,0,0,0,0,0,0,0,0,1,1,0,0,0,0,0,0,0,0,2,0,0,1,0,0,0,0,0,0,1,0,0,0,0,0,0,1,2,0,0,1
2016,030,UP,16,1,0,0,0,0,0,1,0,0,0,0,0,0,1,0,1,0,0,0,0,0,0,2,0,0,2,0,0,0,0,0,1,1,0,1,0,0,1,0,0,0,0,1,0,0,0,0,0,1,4,0,0,0
2016,034,CC,5,0,0,0,1,0,0,0,0,0,0,0,0,0,0,0,0,0,0,0,0,0,0,1,0,0,0,0,0,0,0,0,1,0,0,0,0,0,2,0,0,0,0,1,0,0,0,0,0,0,0,0,0,0
2016,034,OG,7,0,0,1,0,0,0,1,0,0,0,0,0,0,0,0,0,0,0,0,0,0,0,1,0,0,0,0,0,0,0,0,1,0,0,0,0,0,1,0,0,0,0,0,0,0,0,0,0,0,1,0,0,1
2016,034,UP,8,1,0,0,0,0,0,0,0,0,0,0,1,0,0,0,0,0,0,0,0,0,0,1,0,0,0,0,0,0,0,0,1,0,0,0,0,1,1,0,0,0,0,1,0,0,0,0,0,0,1,0,0,0
2016,042,CC,14,0,0,0,1,0,0,1,0,0,0,0,0,0,0,0,0,0,0,0,0,0,0,2,0,0,1,0,0,0,0,0,0,0,0,1,0,0,0,0,0,0,2,1,0,0,0,0,0,1,4,0,0,2
2016,042,OG,15,0,0,0,0,2,0,1,0,1,0,0,0,0,2,0,0,0,0,0,0,1,0,0,0,0,0,0,0,0,0,0,1,0,0,0,0,0,0,0,0,0,2,0,0,0,1,0,0,1,1,0,0,3
2016,042,UP,15,0,0,0,0,1,0,1,0,0,0,0,0,0,1,0,0,0,0,0,0,1,0,1,0,0,0,1,0,0,0,0,0,0,0,0,1,0,0,0,0,0,2,1,0,0,0,0,0,2,2,0,0,1
2016,046,CC,15,0,1,0,2,0,0,0,0,0,0,0,0,0,0,0,0,0,0,0,0,0,0,2,0,0,0,0,0,0,0,0,2,1,0,1,0,0,2,0,0,0,1,1,0,0,0,0,0,0,2,0,0,0
2016,046,OG,13,0,0,0,0,0,0,1,0,0,1,0,0,0,1,0,0,0,0,0,0,0,0,0,0,0,0,0,0,0,0,0,3,0,0,0,1,0,0,0,0,0,1,0,0,0,1,0,0,2,2,0,0,1
2016,046,UP,18,0,1,1,0,0,0,0,0,0,1,0,0,0,2,0,0,0,0,0,0,1,0,0,0,0,2,0,0,0,0,0,1,0,0,1,1,0,0,0,0,0,2,2,0,0,0,0,0,1,2,0,0,1
2016,055,CC,23,2,0,1,0,0,0,0,0,0,0,0,1,0,1,0,0,0,2,1,0,0,0,1,1,0,3,0,1,0,0,0,0,0,0,0,0,1,0,0,1,0,1,1,1,0,0,0,0,1,3,0,0,0
2016,055,OG,21,0,0,0,0,0,0,1,0,0,1,0,0,0,0,0,0,0,1,0,0,1,0,1,0,0,2,0,2,0,0,0,1,1,1,0,1,0,0,0,0,0,2,1,1,0,0,0,0,1,4,0,0,2
2016,055,UP,19,2,0,0,0,0,1,0,0,0,0,0,0,1,0,0,0,0,1,0,0,0,0,1,0,0,1,0,1,0,1,0,0,0,0,1,0,0,1,0,0,0,2,1,1,0,0,0,0,1,3,0,0,0
2016,056,CC,17,3,0,0,0,0,0,0,0,0,0,0,2,0,0,0,0,0,1,0,0,0,1,0,0,0,3,0,0,0,0,0,1,0,0,0,0,0,2,0,0,0,1,2,0,0,0,0,0,1,3,0,0,0
2016,056,OG,16,1,0,0,0,0,0,1,0,0,1,0,0,0,1,0,0,0,0,0,0,0,0,0,0,0,0,0,0,0,0,0,1,0,0,0,1,0,0,0,0,0,2,0,0,0,1,0,0,1,3,0,0,3
2016,056,UP,20,1,1,0,1,0,1,1,0,0,0,0,2,0,1,0,0,0,1,0,0,0,1,0,0,0,0,1,0,0,0,0,0,0,0,1,0,0,1,0,0,0,2,2,0,0,0,0,0,1,3,0,0,0
2016,065,CC,14,0,0,0,0,0,0,0,0,0,0,0,0,1,2,0,1,0,0,0,0,0,1,1,0,0,1,0,0,0,0,0,1,0,0,0,1,0,1,0,0,0,1,0,0,0,0,0,0,0,2,0,0,2
2016,065,OG,15,0,0,0,0,1,0,0,0,0,1,0,0,0,1,0,0,0,0,0,0,0,0,0,0,0,0,0,0,0,0,0,2,0,0,0,1,0,1,0,0,0,1,1,0,0,1,0,0,1,3,0,0,1
2016,065,UP,18,2,0,0,0,0,0,0,0,0,0,0,0,0,1,0,1,0,1,0,0,0,0,1,0,0,1,0,0,0,0,0,1,0,0,1,0,0,0,0,0,0,2,2,0,0,0,0,0,0,3,0,0,2
2016,068,CC,20,3,1,1,0,0,0,1,0,0,0,0,1,1,1,0,0,0,1,0,0,0,0,1,0,0,2,0,0,0,0,0,1,0,0,0,0,0,0,0,0,0,2,1,0,0,0,0,0,1,4,0,0,0
2016,068,OG,11,0,1,0,0,0,0,0,0,1,0,0,0,0,0,0,0,0,0,0,0,0,0,0,0,0,0,0,0,0,0,0,2,0,0,0,0,0,0,0,0,0,2,0,0,0,0,0,0,2,2,0,0,2
2016,068,UP,19,1,0,0,0,0,1,0,0,0,0,0,0,0,3,0,0,0,1,0,0,0,0,2,0,0,2,0,0,0,0,0,2,0,1,0,0,0,1,0,0,0,2,1,0,0,0,0,0,1,5,0,0,0
2016,070,CC,23,1,0,1,0,0,0,0,0,0,0,0,2,0,1,0,0,0,2,0,0,0,1,0,3,1,3,0,0,0,0,0,0,0,0,1,0,1,0,0,1,1,0,1,0,0,0,0,0,1,4,0,0,0
2016,070,OG,13,0,0,0,0,0,0,0,0,0,0,1,0,0,0,0,0,0,0,0,0,0,0,0,0,1,0,0,0,0,0,0,3,0,0,1,1,0,0,0,0,0,2,0,0,1,0,0,0,0,1,0,0,2
2016,070,UP,14,0,0,1,0,0,0,0,0,0,0,0,0,0,1,0,0,0,1,0,0,0,1,0,0,0,1,1,0,0,0,0,0,0,0,1,0,1,0,0,0,0,0,1,0,0,0,0,0,1,3,0,0,1
2016,071,CC,25,2,0,2,0,0,0,0,0,0,0,0,2,0,1,0,0,0,3,0,0,0,0,1,3,0,3,0,0,0,0,0,1,0,0,0,0,1,0,0,1,0,1,1,0,1,0,0,0,0,3,0,0,0
2016,071,OG,12,0,0,1,0,1,0,0,0,0,0,0,0,0,0,0,0,2,0,0,0,0,0,0,0,0,0,0,0,0,0,0,2,1,0,0,0,0,0,0,0,0,2,0,0,1,0,0,0,1,3,0,0,0
2016,071,UP,18,0,0,1,0,0,0,0,0,0,0,0,1,0,2,0,0,0,0,0,0,0,0,0,0,0,2,1,0,0,0,0,1,0,0,1,0,0,0,0,0,0,1,2,0,1,0,0,0,1,4,0,0,0
2016,072,CC,14,1,0,0,0,0,0,0,0,0,0,0,0,0,1,0,0,0,0,0,0,0,1,1,0,0,1,0,0,0,0,0,1,0,1,1,0,1,0,0,0,0,1,0,0,0,0,0,0,1,3,0,0,0
2016,072,OG,11,0,0,0,0,0,0,1,0,0,0,0,0,0,1,0,0,0,0,0,0,1,1,1,0,0,0,0,1,0,0,0,0,0,0,0,1,0,0,0,0,0,0,0,0,0,0,0,0,1,2,0,0,1
2016,072,UP,15,2,0,0,0,0,0,1,0,0,0,0,0,0,1,0,1,0,0,0,0,0,0,1,0,0,2,1,0,0,0,0,0,0,0,0,0,2,0,0,0,0,1,0,0,0,0,0,0,1,3,0,0,0
2016,075,CC,17,0,0,1,0,0,1,0,0,0,0,0,0,0,1,0,1,1,0,0,0,0,0,2,0,0,1,0,0,0,0,0,0,0,0,1,0,0,2,0,0,0,2,2,0,0,0,0,0,0,2,0,0,1
2016,075,OG,20,0,0,0,0,1,1,0,0,0,0,0,0,0,1,0,2,1,0,0,0,0,1,1,0,0,1,0,0,0,0,0,0,0,0,1,0,1,0,0,0,1,1,2,0,0,0,0,0,0,3,0,0,2
2016,075,UP,13,0,0,0,0,0,1,0,0,0,0,0,0,0,1,0,0,1,0,0,0,0,0,2,0,0,0,0,0,0,0,0,0,0,0,0,0,0,0,0,0,0,2,1,0,0,0,0,0,0,3,0,0,2
2016,076,CC,23,2,0,0,0,0,0,0,0,0,0,0,2,0,3,0,2,0,0,1,0,0,0,2,0,1,2,0,0,0,0,0,1,0,0,1,0,0,1,0,0,1,1,2,0,0,0,0,0,0,5,0,0,0
2016,076,OG,15,1,0,0,0,0,2,0,0,0,1,0,0,0,0,0,0,0,0,0,0,0,0,1,0,0,0,0,1,0,0,0,2,0,0,2,0,0,0,0,0,0,2,0,0,0,0,0,0,0,3,0,0,2
2016,076,UP,18,0,0,1,0,0,0,0,0,1,0,0,0,0,1,0,1,1,0,0,0,0,0,0,0,1,1,0,0,0,0,0,1,0,1,1,0,0,1,0,0,0,1,1,0,0,0,0,0,0,3,0,0,2
2016,077,CC,17,1,0,0,1,0,0,0,0,0,0,0,0,0,1,0,1,1,0,0,0,0,0,0,0,0,1,0,1,0,0,0,1,1,0,1,0,0,1,0,0,0,1,1,0,0,0,0,0,0,3,0,0,1
2016,077,OG,13,0,0,0,0,0,1,0,0,0,0,0,0,0,1,0,0,0,0,0,0,1,1,1,0,0,0,0,0,0,0,0,2,0,0,0,1,0,0,0,0,0,1,0,0,0,1,0,0,1,1,0,0,2
2016,077,UP,19,1,0,0,0,0,0,0,0,0,0,0,0,0,1,0,1,1,0,0,0,0,0,2,0,0,2,0,0,0,0,0,2,0,1,0,0,0,1,0,0,0,1,1,0,0,0,0,0,0,4,0,0,1
2016,079,CC,16,1,0,1,0,0,0,2,0,0,0,0,1,0,1,1,0,0,0,0,0,0,0,0,0,0,1,0,2,0,0,0,1,0,0,0,0,0,0,0,0,0,1,0,0,0,0,0,0,1,3,0,0,1
2016,079,OG,15,0,0,0,0,1,0,1,0,0,1,0,0,0,1,0,0,0,0,0,0,1,0,0,0,0,1,0,1,0,0,0,1,0,2,0,0,0,1,0,0,0,2,0,0,0,0,0,0,1,2,0,0,1
2016,079,UP,21,2,0,0,0,0,0,1,0,0,0,0,1,0,0,0,2,0,1,0,0,0,1,1,1,0,1,1,2,0,0,0,1,0,0,0,0,0,0,0,0,0,1,0,0,0,0,1,0,0,4,0,0,1
2016,080,CC,19,1,0,1,0,0,0,0,0,0,0,0,3,0,0,0,0,1,1,0,0,0,0,1,0,0,3,0,1,0,0,0,0,0,0,1,0,0,0,0,1,0,1,0,0,0,1,0,0,1,2,0,0,0
2016,080,OG,12,0,0,0,0,0,0,0,0,0,0,0,0,0,0,0,0,1,0,0,0,0,1,1,0,0,0,0,0,0,0,0,1,0,0,1,0,0,1,0,0,0,1,0,0,0,0,0,0,1,2,0,0,2
2016,080,UP,15,0,0,0,0,0,0,1,0,1,0,0,0,0,0,0,0,1,0,0,0,0,1,1,0,0,2,1,2,1,0,0,0,1,0,0,0,0,0,0,1,0,0,0,0,0,1,0,0,1,1,0,0,0
2016,081,CC,14,0,2,0,0,0,1,1,0,0,0,0,0,0,0,0,0,0,0,0,0,0,0,1,0,0,0,0,0,0,0,0,3,0,0,1,0,0,0,0,0,0,2,0,0,1,0,0,0,0,3,0,0,0
2016,081,OG,19,0,0,0,0,1,0,1,0,0,0,0,0,1,0,0,0,0,0,0,0,1,0,0,0,0,1,0,0,0,0,0,3,0,0,0,0,0,0,0,0,0,4,0,0,0,0,0,0,1,3,0,0,3
2016,081,UP,20,0,0,2,0,0,0,0,0,0,0,0,3,0,1,0,0,0,1,0,0,0,1,0,0,0,2,0,0,0,0,0,1,0,0,1,0,0,0,0,3,0,1,0,0,2,0,0,0,1,4,0,0,0
2016,082,CC,13,0,0,0,0,0,0,1,0,0,0,0,0,0,0,0,0,2,0,0,0,0,0,1,0,0,0,0,0,0,0,0,3,0,0,1,0,0,0,0,0,0,1,0,0,0,0,0,0,0,3,0,0,3
2016,082,OG,10,0,0,1,0,0,0,0,0,0,0,0,0,0,2,0,0,0,0,0,0,0,0,0,0,0,1,0,0,0,0,0,0,0,0,0,0,0,0,0,0,0,1,1,0,0,1,0,0,1,1,0,0,1
2016,082,UP,18,0,0,2,0,0,0,0,0,0,0,1,2,0,2,0,0,2,0,0,0,0,0,0,0,1,2,0,1,0,0,0,1,0,0,1,0,0,0,0,2,0,1,0,0,0,0,0,0,0,1,0,0,0
2016,086,CC,12,0,1,1,0,0,0,0,0,0,0,0,0,0,0,0,0,0,0,0,0,0,0,2,0,0,0,0,0,0,0,0,3,0,0,0,0,0,2,0,0,0,1,1,0,0,0,0,0,0,1,0,0,0
2016,086,OG,10,0,0,0,0,0,0,0,0,0,1,0,0,0,0,0,1,0,0,0,0,0,0,1,0,0,0,0,0,0,0,0,3,0,0,0,0,0,1,0,0,0,1,1,0,0,0,0,0,0,2,0,0,0
2016,086,UP,17,2,0,1,0,0,0,0,0,0,0,0,0,0,1,0,1,0,0,0,0,0,0,1,0,0,1,0,0,0,0,0,2,1,0,1,0,0,1,0,0,0,1,2,0,0,0,0,0,0,3,0,0,0
2016,090,CC,18,1,0,1,1,0,0,0,0,0,0,0,0,0,0,0,0,0,0,0,0,0,1,1,0,1,0,0,1,0,0,0,1,0,0,2,0,0,2,0,0,0,1,1,0,1,0,0,0,0,3,0,1,0
2016,090,OG,10,0,0,0,0,0,0,0,0,0,0,0,0,1,1,0,0,0,0,0,0,0,0,0,0,0,0,0,1,0,0,0,1,0,1,0,1,0,0,0,0,0,2,0,0,0,0,0,0,1,0,0,0,2
2016,090,UP,17,2,0,1,0,0,0,0,0,0,0,0,0,0,1,0,0,0,1,0,0,0,1,1,0,0,1,0,0,0,0,0,0,0,0,0,1,0,0,0,0,0,2,1,0,0,1,0,0,1,3,0,0,0
2016,095,CC,6,0,0,0,0,0,0,0,0,0,0,0,0,0,0,0,0,0,0,0,0,0,0,0,0,0,0,0,0,0,0,0,2,0,0,0,0,0,2,0,0,0,1,0,0,0,0,0,0,0,1,0,0,0
2016,095,OG,13,0,0,2,0,0,0,0,0,0,1,0,0,0,1,1,0,0,1,0,0,0,0,1,0,0,0,0,1,0,0,0,1,0,0,0,0,0,0,0,0,0,0,2,0,0,0,0,0,0,2,0,0,0
2016,095,UP,18,1,0,0,0,0,0,0,0,0,0,0,0,0,1,0,0,0,1,0,2,0,0,2,0,0,2,1,0,0,0,0,1,0,0,0,0,0,1,0,0,0,1,1,0,0,0,0,0,1,5,0,0,0
2016,096,CC,17,2,0,1,0,0,0,0,0,0,0,0,1,1,0,0,0,0,1,0,0,0,0,1,0,0,1,0,2,0,0,0,1,0,0,0,0,0,3,0,0,0,0,1,0,0,0,0,0,0,3,0,0,0
2016,096,OG,15,0,0,0,0,0,0,0,0,0,0,0,0,0,1,0,1,0,0,0,0,1,0,1,0,0,1,0,1,0,0,0,3,0,1,0,0,0,1,0,0,0,1,1,0,0,0,0,0,1,1,0,0,1
2016,096,UP,14,0,0,0,0,0,0,0,0,0,1,0,0,0,0,0,2,0,0,0,0,0,0,1,0,0,0,0,1,0,0,0,1,0,1,0,0,0,1,0,0,0,1,0,0,0,0,0,0,2,2,0,0,1
2016,097,CC,11,0,0,0,0,0,0,0,0,0,0,0,0,0,0,0,0,0,0,0,0,0,0,0,0,0,0,2,0,0,0,0,1,0,1,1,0,0,2,0,0,0,1,1,0,0,0,0,0,0,2,0,0,0
2016,097,OG,13,0,0,0,0,0,0,0,0,0,0,0,0,1,1,0,0,0,0,0,0,0,0,1,0,0,0,0,0,0,0,0,4,0,1,1,0,0,2,0,0,0,1,0,0,0,0,0,0,1,1,0,0,0
2016,097,UP,12,1,0,1,0,0,0,0,0,0,0,1,0,0,0,0,0,0,0,0,0,0,0,0,0,0,1,1,0,0,0,0,0,0,1,0,0,0,3,0,0,0,1,0,0,0,0,0,0,0,3,0,0,0
2016,099,CC,21,1,0,0,0,0,0,0,0,0,0,0,1,0,1,0,0,0,2,0,0,0,0,2,0,0,1,0,1,0,0,1,2,0,1,0,0,1,2,0,0,0,2,0,0,0,0,0,1,1,2,0,0,0
2016,099,OG,19,1,0,0,0,0,0,0,0,0,0,0,0,0,1,0,2,0,0,0,0,0,1,3,0,1,0,0,0,0,0,1,1,0,1,0,0,0,0,0,0,0,2,0,0,0,1,0,0,1,2,0,0,1
2016,099,UP,19,3,0,0,0,0,0,0,0,0,0,0,0,0,1,0,1,0,0,0,0,0,0,2,0,0,0,0,0,0,0,1,0,0,1,1,0,1,1,1,0,0,2,0,0,0,1,0,0,1,3,0,0,1
2016,100,CC,15,0,0,0,0,0,0,0,0,0,0,0,0,0,0,0,1,0,0,1,0,0,1,2,0,0,0,0,0,0,0,0,2,0,0,0,1,0,2,0,0,0,0,1,0,0,0,0,0,1,3,0,0,0
2016,100,OG,13,0,0,0,0,0,0,0,0,0,0,0,0,0,0,0,0,0,0,0,0,0,1,1,0,0,0,0,0,0,1,1,2,0,0,0,1,0,2,0,0,0,1,0,0,0,0,0,0,1,2,0,0,1
2016,100,UP,19,1,0,0,0,0,0,0,0,0,0,0,0,0,1,0,1,0,0,0,1,0,1,0,0,0,0,0,1,0,0,1,1,2,1,1,0,1,1,0,0,0,1,0,0,0,0,0,0,1,3,0,0,0
2016,108,CC,17,0,0,1,0,0,0,0,0,0,0,1,0,0,0,0,0,0,1,0,0,0,0,1,0,0,1,0,1,0,0,0,0,0,1,1,0,0,2,1,0,0,1,1,0,0,0,0,0,1,3,0,1,0
2016,108,OG,15,1,0,0,0,0,0,1,0,0,0,0,0,0,1,0,1,0,1,0,0,0,0,1,0,0,1,0,0,0,0,0,2,0,1,0,0,0,0,0,0,0,1,1,0,0,0,0,0,0,3,0,0,1
2016,108,UP,10,1,0,0,0,0,0,0,0,0,0,0,0,0,0,0,1,0,0,0,0,0,0,2,0,0,0,0,0,0,0,0,2,0,0,0,0,0,2,0,0,0,0,0,0,0,0,0,0,1,3,0,0,2
2016,112,CC,14,1,0,0,0,0,0,0,0,0,0,0,0,0,1,0,0,0,0,0,0,0,0,1,0,0,0,1,0,0,0,0,1,0,0,0,1,0,0,0,0,0,3,1,0,0,0,0,0,2,2,0,0,1
2016,112,OG,8,0,0,0,0,0,0,0,0,0,0,0,0,0,0,0,0,0,0,0,0,1,0,2,0,0,0,0,0,0,0,0,1,0,0,0,0,0,0,0,0,0,2,0,0,0,1,0,0,0,1,0,0,2
2016,112,UP,15,2,0,0,0,0,0,1,0,0,0,0,0,0,0,0,0,0,0,0,0,0,0,0,0,0,2,0,2,0,0,0,0,0,0,0,0,0,1,0,0,0,2,0,0,0,1,0,0,2,4,0,0,0
2016,114,CC,17,1,0,1,0,0,0,0,0,0,0,0,0,0,2,0,0,1,0,0,0,0,0,1,2,0,2,0,0,0,0,0,1,0,0,0,0,0,2,0,0,0,0,0,0,0,0,0,0,1,4,0,0,0
2016,114,OG,17,1,0,1,0,0,0,1,0,0,0,0,0,0,1,0,0,1,0,0,0,0,1,1,0,0,0,0,0,0,0,0,1,0,0,1,0,0,1,0,0,0,1,0,0,0,0,0,0,2,4,0,0,0
2016,114,UP,15,0,0,1,0,0,0,1,0,0,0,0,0,0,1,0,0,1,0,1,0,0,1,1,0,0,3,0,0,0,0,0,0,0,0,1,0,0,0,0,0,0,1,0,0,0,0,0,0,1,6,0,0,0
2016,118,CC,6,0,0,0,0,0,0,0,0,0,0,0,0,0,0,0,0,0,0,0,0,0,0,1,0,0,0,0,0,0,0,0,2,0,0,1,0,0,1,0,0,0,0,0,0,0,0,0,0,0,1,0,0,0
2016,118,UP,7,0,0,0,0,0,0,0,0,0,0,0,0,0,1,0,0,0,0,0,0,0,0,1,0,0,0,0,0,0,0,0,1,0,0,0,0,0,1,0,0,0,1,1,0,0,0,0,0,0,1,0,0,0
2016,119,CC,12,1,0,0,0,0,0,0,0,0,0,0,0,0,0,0,0,1,0,0,0,0,0,1,0,1,1,0,0,0,0,0,0,0,0,1,0,0,2,0,0,0,0,1,0,0,0,0,0,0,4,0,0,0
2016,119,OG,10,0,0,1,0,0,0,0,0,0,0,0,0,0,1,0,0,0,0,0,0,0,1,1,0,0,0,0,0,0,0,0,0,0,0,0,0,0,1,0,0,0,0,2,0,0,0,0,0,0,3,0,0,1
2016,119,UP,14,2,0,1,0,0,0,0,0,0,0,0,0,0,0,0,0,0,0,0,0,0,1,1,0,0,1,2,0,0,0,0,1,0,0,0,0,0,1,0,0,0,0,1,1,0,0,0,0,0,3,0,0,0
2016,120,CC,15,1,0,0,0,0,0,0,0,0,1,0,0,0,0,0,0,0,1,0,0,0,0,1,1,0,2,0,2,0,0,0,0,0,0,0,0,0,1,0,0,0,1,1,0,0,0,0,0,1,4,0,0,0
2016,120,OG,12,0,0,0,0,0,0,0,0,0,1,0,0,0,0,0,0,0,0,0,0,0,0,1,0,0,1,1,2,0,0,0,0,0,0,0,0,0,0,0,0,0,1,1,0,0,0,0,0,0,4,0,0,0
2016,120,UP,14,0,0,0,0,0,0,0,0,0,0,0,1,0,0,0,0,0,0,0,0,0,1,1,0,0,2,0,1,0,0,0,1,0,0,0,0,0,0,0,0,0,1,1,0,0,0,0,0,0,5,0,0,0
2016,121,CC,20,1,0,1,0,0,0,0,0,0,0,0,0,1,0,0,0,0,1,0,0,0,0,2,0,0,2,1,2,0,0,0,1,0,0,0,0,0,2,0,0,1,1,1,0,0,0,0,0,1,4,0,0,0
2016,121,OG,17,0,0,0,0,0,2,0,0,0,0,0,0,1,0,0,0,0,1,3,0,0,1,3,0,0,1,1,0,0,0,0,1,0,0,0,0,0,0,0,0,1,1,0,0,0,0,0,0,1,2,0,0,0
2016,121,UP,16,0,0,0,0,0,0,0,0,0,0,0,0,1,1,0,1,0,1,1,0,0,1,1,0,0,2,0,1,0,0,0,0,0,0,0,0,0,1,0,0,0,1,0,0,0,0,0,0,0,4,0,0,0
2016,154,CC,20,3,0,2,0,0,0,0,0,0,0,0,1,0,0,0,0,0,1,0,0,0,0,0,2,1,3,0,0,0,0,0,0,0,0,0,0,0,0,0,1,0,1,1,0,0,0,0,0,1,4,0,1,0
2016,154,OG,13,1,0,0,0,0,0,0,0,0,1,0,0,0,0,0,0,0,1,0,0,0,0,0,0,0,1,0,0,0,0,0,0,0,0,0,1,0,1,0,0,0,2,1,0,0,1,1,0,1,2,0,0,0
2016,154,UP,21,3,0,1,0,0,0,0,0,0,0,0,1,0,0,0,0,0,1,0,0,0,0,1,0,1,2,0,1,0,0,0,0,0,0,0,0,0,1,0,1,0,2,2,0,0,0,0,0,0,3,0,1,0